user_id,device_type,view_time
975,Desktop,2025-02-07 16:25:48
579,Mobile,2025-01-18 04:30:23
187,Mobile,2025-01-10 23:43:44
124,Mobile,2025-01-28 17:23:03
500,Mobile,2025-03-05 06:16:16
173,Desktop,2025-03-16 04:45:55
840,Desktop,2025-02-06 22:20:39
871,Desktop,2025-02-23 08:31:35
639,Mobile,2025-01-08 03:31:06
745,Mobile,2025-03-07 01:17:07
781,Desktop,2025-02-19 13:00:39
609,Desktop,2025-01-05 12:28:12
367,Mobile,2025-03-14 02:55:15
577,Mobile,2025-03-08 04:18:50
892,Mobile,2025-01-25 23:53:56
061,Desktop,2025-02-10 03:28:18
819,Desktop,2025-01-06 16:49:03
173,Mobile,2025-03-31 06:42:41
766,Desktop,2025-01-07 00:59:04
760,Mobile,2025-03-26 03:05:21
011,Mobile,2025-02-05 23:17:32
285,Mobile,2025-01-25 07:20:55
495,Mobile,2025-02-24 03:13:31
254,Desktop,2025-01-11 11:21:55
901,Mobile,2025-01-13 05:23:29
280,Desktop,2025-03-18 23:20:27
118,Desktop,2025-02-05 12:13:45
439,Mobile,2025-02-07 23:39:33
185,Mobile,2025-03-01 22:09:33
860,Mobile,2025-02-11 03:52:11
310,Mobile,2025-02-09 18:41:21
699,Desktop,2025-02-22 14:01:59
119,Desktop,2025-03-09 14:40:57
071,Mobile,2025-01-02 09:35:29
785,Mobile,2025-01-08 09:55:26
981,Desktop,2025-02-12 19:25:27
653,Mobile,2025-03-12 05:04:23
629,Desktop,2025-02-15 17:46:18
532,Desktop,2025-01-22 21:34:57
674,Desktop,2025-02-05 17:29:35
715,Mobile,2025-01-10 21:19:36
110,Mobile,2025-02-17 02:40:14
702,Mobile,2025-03-21 04:10:14
324,Mobile,2025-02-20 19:28:20
306,Desktop,2025-03-11 20:19:54
379,Mobile,2025-02-10 20:04:45
029,Mobile,2025-01-02 23:29:25
495,Mobile,2025-02-25 14:37:19
154,Desktop,2025-02-15 01:43:33
847,Desktop,2025-03-09 07:02:23
887,Desktop,2025-01-28 21:47:58
393,Desktop,2025-03-24 13:23:40
509,Mobile,2025-03-27 02:59:43
801,Mobile,2025-01-19 15:48:39
173,Mobile,2025-03-14 10:37:39
327,Desktop,2025-01-19 16:33:15
135,Mobile,2025-01-01 18:40:35
512,Mobile,2025-02-04 20:13:09
752,Mobile,2025-01-07 21:39:03
381,Mobile,2025-02-27 14:21:47
773,Desktop,2025-02-19 18:59:49
692,Mobile,2025-01-12 20:02:17
059,Mobile,2025-02-21 23:20:10
573,Mobile,2025-02-01 16:51:22
547,Mobile,2025-01-25 04:44:06
762,Mobile,2025-02-10 22:45:10
802,Desktop,2025-03-22 09:29:48
084,Desktop,2025-03-20 21:28:59
914,Mobile,2025-03-07 21:43:04
741,Desktop,2025-02-18 10:50:22
307,Desktop,2025-01-31 06:35:49
269,Mobile,2025-03-21 02:07:01
074,Desktop,2025-01-25 05:15:42
754,Desktop,2025-02-07 08:49:42
853,Desktop,2025-03-24 09:50:48
102,Mobile,2025-01-02 18:11:26
318,Desktop,2025-02-12 08:25:12
715,Desktop,2025-03-13 08:48:55
277,Mobile,2025-01-30 16:41:05
135,Desktop,2025-03-23 18:06:13
359,Desktop,2025-02-23 01:12:14
480,Desktop,2025-02-13 22:04:10
821,Mobile,2025-01-10 10:29:09
673,Desktop,2025-03-14 07:10:47
446,Desktop,2025-01-11 03:53:35
743,Desktop,2025-02-23 20:11:17
784,Desktop,2025-01-13 21:48:47
229,Desktop,2025-01-10 23:36:27
426,Mobile,2025-03-23 19:13:03
405,Desktop,2025-02-02 19:38:02
614,Desktop,2025-03-30 15:32:13
810,Desktop,2025-03-10 21:49:22
397,Mobile,2025-01-22 21:49:29
367,Desktop,2025-02-14 23:44:15
123,Mobile,2025-03-31 03:36:48
196,Mobile,2025-02-09 02:57:41
069,Desktop,2025-01-04 12:25:28
496,Desktop,2025-03-23 13:25:38
980,Desktop,2025-03-08 13:08:11
411,Desktop,2025-02-03 05:11:24
507,Desktop,2025-02-20 00:59:47
820,Desktop,2025-03-28 23:16:09
647,Desktop,2025-01-26 23:58:39
775,Mobile,2025-02-13 03:24:27
046,Mobile,2025-03-26 15:49:40
719,Desktop,2025-03-27 12:28:48
065,Mobile,2025-03-30 20:28:28
662,Mobile,2025-02-28 20:40:26
735,Desktop,2025-02-01 02:45:03
040,Mobile,2025-02-16 05:42:16
637,Mobile,2025-03-08 02:49:13
133,Mobile,2025-02-21 03:06:13
349,Mobile,2025-03-11 06:45:03
170,Desktop,2025-02-24 06:34:48
669,Mobile,2025-01-03 23:00:44
424,Desktop,2025-01-10 14:32:13
873,Mobile,2025-02-09 06:08:57
661,Mobile,2025-03-03 06:29:45
173,Mobile,2025-03-21 15:59:21
936,Mobile,2025-03-10 12:27:14
309,Desktop,2025-02-28 05:30:46
459,Mobile,2025-02-22 12:08:13
908,Desktop,2025-01-29 14:11:47
250,Mobile,2025-03-02 05:12:40
374,Mobile,2025-03-14 13:09:59
172,Desktop,2025-03-16 02:26:10
379,Mobile,2025-02-20 22:40:11
299,Desktop,2025-01-31 23:04:57
957,Desktop,2025-01-09 17:05:21
368,Desktop,2025-03-23 03:43:59
477,Mobile,2025-01-28 08:40:10
973,Desktop,2025-02-07 04:07:01
394,Desktop,2025-01-24 22:30:48
954,Mobile,2025-03-31 09:18:57
862,Mobile,2025-01-07 04:52:38
924,Desktop,2025-01-18 18:15:28
957,Mobile,2025-02-22 05:11:44
688,Mobile,2025-01-25 15:49:02
328,Desktop,2025-03-22 21:41:51
816,Mobile,2025-03-06 03:03:05
738,Mobile,2025-03-05 12:30:23
340,Mobile,2025-03-07 00:19:52
375,Mobile,2025-02-22 08:14:46
143,Mobile,2025-03-08 04:32:39
308,Mobile,2025-02-19 14:51:12
861,Desktop,2025-01-06 09:04:11
663,Mobile,2025-01-10 05:06:12
268,Mobile,2025-02-01 22:49:56
449,Desktop,2025-01-10 04:08:52
927,Mobile,2025-03-27 22:38:59
523,Desktop,2025-03-10 05:24:09
898,Mobile,2025-01-19 17:38:10
039,Mobile,2025-01-17 08:59:51
471,Mobile,2025-03-02 01:27:43
987,Desktop,2025-01-02 01:46:06
891,Mobile,2025-01-03 22:37:41
238,Mobile,2025-03-29 20:39:43
703,Desktop,2025-02-15 04:19:57
785,Mobile,2025-01-09 23:11:01
402,Mobile,2025-01-27 22:08:21
474,Desktop,2025-03-07 10:52:02
037,Mobile,2025-01-12 07:52:31
978,Mobile,2025-03-30 03:23:56
698,Mobile,2025-01-14 02:34:14
794,Desktop,2025-02-03 18:35:00
206,Mobile,2025-03-07 08:54:58
273,Mobile,2025-02-15 08:07:13
801,Desktop,2025-03-15 03:15:47
118,Mobile,2025-02-19 18:36:54
382,Mobile,2025-01-30 03:26:31
239,Mobile,2025-02-18 15:11:47
605,Mobile,2025-02-14 21:11:53
182,Mobile,2025-01-11 04:21:19
925,Mobile,2025-03-17 02:57:51
708,Mobile,2025-02-20 00:54:29
539,Desktop,2025-03-15 16:04:46
218,Mobile,2025-02-07 01:37:29
884,Desktop,2025-02-27 20:14:41
191,Desktop,2025-03-30 01:54:35
261,Desktop,2025-03-10 01:51:01
362,Desktop,2025-01-05 07:23:03
701,Desktop,2025-01-28 16:33:27
558,Desktop,2025-01-22 21:31:26
253,Mobile,2025-03-02 16:47:10
484,Desktop,2025-03-26 21:36:42
193,Desktop,2025-02-17 09:34:54
262,Mobile,2025-01-23 11:35:47
843,Mobile,2025-02-20 21:04:16
592,Mobile,2025-02-10 07:06:31
294,Mobile,2025-01-05 23:15:09
003,Desktop,2025-03-20 06:26:50
880,Desktop,2025-03-04 13:48:58
461,Desktop,2025-01-16 16:11:01
486,Desktop,2025-01-30 05:56:58
068,Mobile,2025-02-25 21:58:29
942,Desktop,2025-01-01 04:46:51
772,Desktop,2025-03-10 08:06:37
578,Mobile,2025-03-23 23:34:34
917,Desktop,2025-01-09 15:20:49
965,Mobile,2025-01-04 09:37:04
885,Mobile,2025-02-13 01:26:24
574,Mobile,2025-01-05 15:59:17
383,Desktop,2025-02-14 23:36:16
360,Mobile,2025-01-03 09:49:30
462,Desktop,2025-03-02 08:22:31
554,Desktop,2025-03-25 00:22:20
948,Mobile,2025-03-20 11:07:48
703,Desktop,2025-03-29 09:46:47
215,Desktop,2025-01-05 23:18:39
145,Desktop,2025-01-22 23:26:53
133,Mobile,2025-03-27 04:34:50
279,Mobile,2025-02-18 08:35:15
765,Mobile,2025-03-11 01:30:24
715,Mobile,2025-01-23 07:33:15
353,Desktop,2025-03-12 23:02:27
583,Mobile,2025-02-19 05:41:37
974,Desktop,2025-01-19 21:56:23
439,Desktop,2025-03-19 21:56:11
071,Desktop,2025-01-29 21:10:41
750,Desktop,2025-02-21 16:04:17
086,Mobile,2025-02-12 20:44:19
634,Mobile,2025-02-16 03:46:18
644,Mobile,2025-01-21 04:29:30
484,Desktop,2025-02-27 01:53:25
391,Mobile,2025-02-24 00:47:34
817,Mobile,2025-03-24 01:25:18
344,Mobile,2025-01-27 13:33:32
646,Desktop,2025-03-03 21:47:35
363,Mobile,2025-01-25 14:18:16
429,Desktop,2025-02-05 13:25:51
956,Desktop,2025-02-14 12:08:30
067,Mobile,2025-03-08 01:42:40
535,Mobile,2025-02-27 06:43:34
200,Desktop,2025-02-20 18:06:38
002,Mobile,2025-01-28 17:35:31
238,Desktop,2025-02-25 18:39:43
869,Mobile,2025-02-11 02:24:10
352,Desktop,2025-01-03 21:20:24
431,Desktop,2025-01-26 00:05:24
691,Desktop,2025-01-18 13:59:31
134,Mobile,2025-01-21 17:06:20
757,Desktop,2025-02-12 12:39:17
277,Mobile,2025-02-27 14:36:03
290,Mobile,2025-03-07 05:05:57
032,Desktop,2025-01-15 21:04:29
140,Desktop,2025-02-11 13:49:21
630,Desktop,2025-03-03 00:45:23
184,Mobile,2025-03-30 03:51:48
971,Mobile,2025-01-28 00:29:58
060,Desktop,2025-01-22 07:39:09
759,Desktop,2025-02-27 16:00:05
084,Desktop,2025-02-07 09:49:48
884,Mobile,2025-02-17 17:20:24
362,Desktop,2025-01-16 07:46:47
264,Desktop,2025-01-22 07:31:45
993,Mobile,2025-01-14 20:04:56
772,Mobile,2025-03-17 02:34:43
522,Desktop,2025-01-07 22:19:31
324,Desktop,2025-03-29 23:05:15
453,Desktop,2025-01-11 13:11:57
972,Desktop,2025-02-24 02:50:14
641,Mobile,2025-02-07 11:17:16
315,Mobile,2025-03-03 00:30:10
100,Mobile,2025-02-16 08:10:07
515,Mobile,2025-01-25 19:42:29
891,Desktop,2025-01-05 00:37:38
607,Mobile,2025-02-20 22:54:26
573,Desktop,2025-02-16 22:35:28
885,Mobile,2025-01-02 04:52:05
445,Desktop,2025-02-25 21:53:34
886,Mobile,2025-01-05 18:24:34
614,Desktop,2025-03-19 03:13:54
094,Desktop,2025-02-10 18:12:21
584,Mobile,2025-03-26 13:12:34
675,Mobile,2025-02-27 00:52:26
781,Mobile,2025-02-07 01:03:47
967,Mobile,2025-01-22 23:33:40
665,Mobile,2025-01-11 06:26:27
686,Desktop,2025-03-25 14:35:34
238,Mobile,2025-02-12 18:09:18
093,Desktop,2025-01-13 08:39:15
184,Mobile,2025-02-04 05:12:27
595,Mobile,2025-03-30 17:17:28
522,Desktop,2025-01-04 05:43:16
088,Desktop,2025-03-08 14:22:29
930,Desktop,2025-01-11 15:33:22
724,Desktop,2025-03-12 16:54:40
182,Mobile,2025-01-23 00:07:31
343,Mobile,2025-02-22 12:01:15
049,Mobile,2025-01-15 17:02:52
296,Mobile,2025-01-30 10:31:47
013,Mobile,2025-03-02 07:53:22
540,Desktop,2025-02-28 03:08:02
409,Mobile,2025-02-01 19:55:15
473,Desktop,2025-01-28 03:36:49
778,Desktop,2025-03-22 06:15:55
202,Desktop,2025-01-29 08:59:48
313,Desktop,2025-01-15 17:33:00
450,Mobile,2025-03-17 18:09:21
958,Desktop,2025-03-17 11:17:57
769,Mobile,2025-03-08 04:10:02
045,Desktop,2025-01-14 01:00:38
584,Mobile,2025-01-03 23:58:47
999,Desktop,2025-03-01 16:50:34
842,Desktop,2025-01-28 14:23:20
831,Desktop,2025-01-22 13:04:12
124,Desktop,2025-03-13 19:18:23
212,Mobile,2025-02-26 03:36:20
804,Mobile,2025-01-06 17:58:24
767,Mobile,2025-03-24 18:31:16
248,Mobile,2025-03-15 17:01:24
274,Mobile,2025-01-11 14:11:39
663,Desktop,2025-01-22 04:08:30
546,Mobile,2025-01-10 11:55:55
923,Desktop,2025-03-20 11:08:26
536,Mobile,2025-03-04 09:09:49
930,Mobile,2025-03-31 12:13:48
823,Mobile,2025-01-24 16:43:46
271,Desktop,2025-01-03 19:36:50
936,Desktop,2025-01-10 15:42:37
307,Mobile,2025-03-09 05:48:27
518,Mobile,2025-01-26 00:08:05
643,Mobile,2025-01-24 04:51:43
844,Desktop,2025-03-27 11:40:13
283,Desktop,2025-01-15 03:49:38
982,Desktop,2025-03-31 11:19:22
240,Mobile,2025-02-08 23:26:36
569,Desktop,2025-01-10 22:16:25
920,Desktop,2025-01-25 17:01:14
173,Mobile,2025-02-13 19:15:11
506,Desktop,2025-01-18 06:36:31
579,Desktop,2025-03-17 14:38:16
881,Desktop,2025-03-27 04:45:06
079,Mobile,2025-01-09 13:57:15
485,Mobile,2025-03-03 08:58:22
859,Desktop,2025-03-09 03:02:51
018,Desktop,2025-02-25 11:28:06
299,Mobile,2025-02-01 04:49:44
694,Desktop,2025-03-07 16:01:12
935,Mobile,2025-01-04 23:22:33
617,Mobile,2025-02-21 18:05:35
267,Mobile,2025-01-24 04:20:19
398,Mobile,2025-03-08 15:21:00
773,Mobile,2025-03-17 18:10:52
097,Mobile,2025-02-17 17:44:28
688,Mobile,2025-01-05 01:34:50
643,Mobile,2025-01-12 17:54:36
588,Mobile,2025-03-02 13:39:12
416,Desktop,2025-02-08 16:48:31
213,Mobile,2025-02-07 00:09:05
335,Mobile,2025-03-12 08:40:40
489,Desktop,2025-01-30 07:31:19
365,Desktop,2025-02-11 18:39:15
736,Mobile,2025-03-19 15:06:41
254,Desktop,2025-03-10 06:40:50
494,Desktop,2025-01-17 01:50:37
000,Desktop,2025-01-17 04:41:22
096,Mobile,2025-03-12 20:59:01
508,Desktop,2025-03-22 00:36:59
133,Mobile,2025-01-18 20:52:05
920,Mobile,2025-03-10 19:41:40
794,Mobile,2025-02-23 18:48:59
095,Mobile,2025-01-14 16:55:53
821,Desktop,2025-03-11 07:40:05
700,Desktop,2025-03-14 14:31:08
672,Desktop,2025-03-26 18:21:36
210,Mobile,2025-01-18 15:23:52
437,Desktop,2025-03-11 02:20:17
823,Mobile,2025-03-26 03:48:00
083,Mobile,2025-01-31 02:29:38
692,Mobile,2025-02-06 20:46:58
287,Mobile,2025-03-28 18:50:35
163,Desktop,2025-03-25 04:51:46
701,Mobile,2025-01-23 22:42:14
986,Desktop,2025-02-26 12:03:12
595,Desktop,2025-02-27 03:36:19
078,Desktop,2025-02-10 07:46:40
397,Desktop,2025-01-13 02:00:24
164,Mobile,2025-01-23 17:34:31
383,Desktop,2025-03-20 10:54:04
855,Mobile,2025-03-20 09:38:22
315,Desktop,2025-02-21 08:57:35
109,Mobile,2025-03-06 15:41:10
865,Desktop,2025-01-18 12:43:33
476,Mobile,2025-02-09 21:07:37
389,Mobile,2025-02-21 21:10:47
653,Mobile,2025-02-25 22:10:16
018,Desktop,2025-02-25 10:37:07
315,Mobile,2025-02-14 13:57:30
433,Mobile,2025-02-25 16:05:49
957,Desktop,2025-02-19 12:13:43
600,Desktop,2025-01-29 08:22:51
723,Desktop,2025-02-18 19:23:04
844,Mobile,2025-02-21 23:02:06
971,Mobile,2025-02-14 09:54:37
242,Desktop,2025-02-25 05:34:50
448,Mobile,2025-03-17 22:39:11
559,Mobile,2025-02-11 03:13:03
708,Desktop,2025-03-23 19:42:47
796,Desktop,2025-01-15 23:09:07
947,Desktop,2025-02-24 14:26:53
881,Mobile,2025-02-03 18:48:37
271,Desktop,2025-01-14 06:09:09
459,Desktop,2025-02-27 19:50:07
920,Desktop,2025-02-22 15:54:49
207,Mobile,2025-03-23 01:31:13
639,Mobile,2025-01-19 11:32:17
179,Desktop,2025-03-10 14:35:04
730,Desktop,2025-01-06 15:19:13
230,Mobile,2025-03-11 10:07:22
417,Mobile,2025-03-05 17:43:11
725,Desktop,2025-02-28 20:25:31
867,Desktop,2025-02-10 21:10:34
675,Desktop,2025-03-03 09:07:13
844,Desktop,2025-01-21 20:01:38
506,Mobile,2025-01-27 13:26:52
717,Mobile,2025-03-29 05:33:33
572,Desktop,2025-02-04 02:18:16
324,Desktop,2025-01-08 10:40:26
556,Desktop,2025-02-27 21:43:09
622,Mobile,2025-02-28 01:29:58
450,Desktop,2025-02-01 11:40:33
529,Desktop,2025-01-14 15:05:14
256,Mobile,2025-02-18 21:38:36
584,Desktop,2025-03-27 08:43:28
735,Mobile,2025-03-17 09:27:34
607,Mobile,2025-03-18 20:01:26
739,Mobile,2025-02-16 22:48:26
595,Mobile,2025-01-04 17:44:55
800,Desktop,2025-03-16 15:02:33
573,Mobile,2025-02-17 17:33:52
474,Desktop,2025-01-25 12:08:35
143,Desktop,2025-01-25 10:58:07
430,Desktop,2025-03-08 06:19:59
551,Desktop,2025-01-22 01:25:32
109,Mobile,2025-02-25 16:47:02
031,Mobile,2025-02-18 17:08:38
644,Mobile,2025-03-04 09:01:47
292,Desktop,2025-03-02 22:15:08
831,Desktop,2025-01-11 01:07:19
847,Desktop,2025-01-22 08:26:27
207,Mobile,2025-03-22 17:28:23
948,Mobile,2025-01-27 14:40:33
468,Mobile,2025-03-21 19:19:05
291,Desktop,2025-01-15 23:39:27
222,Desktop,2025-01-21 16:40:04
707,Desktop,2025-02-19 13:57:29
472,Desktop,2025-03-06 16:31:37
227,Mobile,2025-01-09 20:31:47
930,Desktop,2025-02-08 06:20:42
762,Mobile,2025-02-04 01:11:10
299,Mobile,2025-03-12 11:11:36
243,Mobile,2025-01-24 04:59:28
263,Mobile,2025-01-26 20:48:51
849,Mobile,2025-03-15 20:43:24
707,Desktop,2025-02-02 02:42:07
237,Mobile,2025-02-07 02:52:54
449,Desktop,2025-03-03 03:47:27
266,Mobile,2025-01-26 03:09:36
214,Desktop,2025-02-04 00:19:54
245,Desktop,2025-03-01 22:04:25
799,Desktop,2025-01-12 19:44:24
530,Desktop,2025-02-04 10:28:16
197,Desktop,2025-03-25 23:29:22
164,Mobile,2025-01-17 06:20:46
705,Mobile,2025-02-13 14:53:09
532,Desktop,2025-02-21 12:40:28
488,Mobile,2025-02-03 23:15:08
078,Mobile,2025-01-04 22:29:46
880,Desktop,2025-01-03 23:01:40
030,Mobile,2025-03-22 09:02:33
722,Desktop,2025-02-09 20:18:47
504,Desktop,2025-02-22 04:06:12
897,Mobile,2025-03-14 07:18:29
143,Mobile,2025-02-24 21:09:08
532,Mobile,2025-02-03 02:48:04
717,Mobile,2025-02-12 15:11:12
196,Mobile,2025-03-13 18:07:34
166,Desktop,2025-01-21 21:02:06
112,Mobile,2025-02-20 22:20:38
800,Desktop,2025-02-01 08:55:58
710,Mobile,2025-02-28 09:46:20
594,Mobile,2025-03-15 17:40:40
546,Desktop,2025-02-16 12:10:43
082,Mobile,2025-02-19 22:24:54
463,Mobile,2025-01-11 21:17:43
178,Mobile,2025-03-12 01:09:43
275,Desktop,2025-02-18 04:05:21
736,Mobile,2025-02-03 13:27:17
572,Mobile,2025-03-05 08:50:42
278,Mobile,2025-02-14 19:12:14
271,Mobile,2025-02-04 22:22:40
960,Mobile,2025-01-28 01:25:35
197,Mobile,2025-03-01 10:56:36
091,Mobile,2025-02-15 02:32:50
110,Mobile,2025-02-18 01:13:11
571,Mobile,2025-01-19 15:30:37
912,Desktop,2025-01-21 08:26:21
021,Desktop,2025-02-24 12:21:02
953,Mobile,2025-02-26 05:26:55
707,Desktop,2025-01-30 17:09:25
813,Desktop,2025-01-11 20:10:42
145,Desktop,2025-02-09 01:37:53
261,Mobile,2025-02-08 00:32:06
080,Mobile,2025-01-18 01:35:48
043,Desktop,2025-01-13 08:54:43
726,Mobile,2025-03-15 22:33:31
694,Mobile,2025-02-21 09:00:15
666,Mobile,2025-02-06 04:59:31
682,Mobile,2025-01-26 07:01:51
646,Mobile,2025-03-14 15:29:29
790,Mobile,2025-01-20 02:24:23
759,Desktop,2025-01-16 10:29:28
375,Mobile,2025-02-07 16:07:36
544,Mobile,2025-03-25 06:07:25
564,Desktop,2025-01-11 13:08:45
029,Desktop,2025-03-10 19:57:10
101,Desktop,2025-01-05 13:24:14
653,Desktop,2025-02-06 23:47:42
559,Mobile,2025-01-13 15:13:45
128,Mobile,2025-01-31 02:01:03
698,Mobile,2025-02-24 18:28:39
902,Desktop,2025-01-04 02:39:28
949,Desktop,2025-03-31 08:23:18
717,Desktop,2025-01-09 22:55:20
062,Mobile,2025-01-02 01:43:30
449,Desktop,2025-01-22 09:47:16
772,Mobile,2025-02-19 04:09:00
049,Desktop,2025-01-06 17:42:41
493,Desktop,2025-03-09 22:35:03
138,Desktop,2025-02-18 13:56:00
597,Desktop,2025-02-27 14:33:35
366,Mobile,2025-03-06 07:44:24
376,Mobile,2025-03-13 21:42:11
436,Mobile,2025-02-20 23:12:35
669,Desktop,2025-03-25 23:20:56
815,Mobile,2025-03-07 01:20:34
126,Desktop,2025-02-03 17:56:05
400,Desktop,2025-02-25 09:46:42
380,Mobile,2025-01-25 10:04:47
053,Mobile,2025-02-23 02:00:16
807,Desktop,2025-01-05 07:02:29
039,Mobile,2025-01-04 11:27:49
967,Mobile,2025-02-17 16:46:38
758,Desktop,2025-02-16 05:22:17
385,Desktop,2025-01-16 19:48:18
528,Desktop,2025-01-24 22:15:21
465,Mobile,2025-02-15 01:24:47
341,Desktop,2025-03-06 02:32:46
834,Desktop,2025-03-06 04:01:59
710,Desktop,2025-02-03 23:23:12
669,Mobile,2025-03-06 10:22:49
021,Desktop,2025-02-21 11:19:33
084,Mobile,2025-01-11 02:10:35
266,Desktop,2025-01-08 23:37:01
958,Desktop,2025-01-30 06:48:24
530,Desktop,2025-02-09 04:00:29
639,Mobile,2025-02-15 13:05:13
242,Mobile,2025-03-23 16:40:31
424,Desktop,2025-02-26 01:01:20
706,Mobile,2025-01-29 19:08:13
515,Desktop,2025-01-04 11:52:44
317,Desktop,2025-01-14 21:55:13
866,Mobile,2025-01-02 16:28:45
993,Desktop,2025-01-09 17:13:08
143,Mobile,2025-01-28 12:00:48
878,Mobile,2025-03-09 22:50:26
298,Mobile,2025-02-12 13:10:00
704,Mobile,2025-01-15 09:52:23
539,Desktop,2025-03-18 12:30:25
110,Mobile,2025-02-10 08:09:51
516,Desktop,2025-03-23 15:13:35
807,Mobile,2025-01-03 21:59:54
811,Mobile,2025-02-03 01:11:58
992,Mobile,2025-01-10 09:51:37
190,Mobile,2025-02-17 05:08:58
159,Desktop,2025-01-09 03:00:24
878,Desktop,2025-02-07 00:05:12
172,Mobile,2025-01-24 21:12:32
824,Desktop,2025-03-18 05:33:44
867,Mobile,2025-01-07 09:26:12
529,Desktop,2025-03-05 11:49:43
200,Desktop,2025-02-20 15:20:16
855,Desktop,2025-01-04 12:21:18
065,Mobile,2025-02-18 00:17:42
399,Desktop,2025-03-31 22:13:30
102,Desktop,2025-02-02 09:37:26
072,Desktop,2025-02-28 00:56:11
701,Mobile,2025-01-18 15:34:00
137,Mobile,2025-02-24 06:10:21
491,Desktop,2025-01-13 01:50:10
114,Desktop,2025-02-19 01:10:29
670,Mobile,2025-02-20 07:31:41
058,Mobile,2025-01-11 21:07:04
304,Desktop,2025-01-15 12:42:01
946,Desktop,2025-03-22 17:05:57
856,Mobile,2025-03-04 09:20:49
911,Mobile,2025-03-31 16:17:47
345,Desktop,2025-02-13 21:15:39
026,Desktop,2025-01-16 06:02:58
942,Desktop,2025-03-30 09:10:37
806,Desktop,2025-03-17 17:20:37
424,Desktop,2025-02-21 17:16:34
104,Desktop,2025-02-27 09:08:37
068,Desktop,2025-01-05 00:46:29
707,Desktop,2025-03-05 04:23:36
077,Mobile,2025-02-06 18:27:36
569,Desktop,2025-02-16 17:58:16
923,Mobile,2025-02-14 13:50:27
455,Mobile,2025-01-30 13:26:40
260,Mobile,2025-01-30 23:41:05
123,Mobile,2025-03-11 02:46:57
227,Desktop,2025-02-08 01:52:43
649,Mobile,2025-01-13 00:31:10
738,Mobile,2025-01-18 18:35:08
199,Mobile,2025-03-07 18:01:45
612,Mobile,2025-01-29 18:58:56
281,Mobile,2025-01-10 08:29:08
263,Mobile,2025-02-05 06:04:26
028,Mobile,2025-01-14 04:35:13
752,Mobile,2025-02-10 00:51:17
101,Mobile,2025-02-04 09:14:18
848,Desktop,2025-03-05 05:34:58
245,Mobile,2025-02-22 03:13:29
504,Desktop,2025-01-29 06:19:42
232,Mobile,2025-03-04 19:16:31
456,Mobile,2025-01-06 01:54:04
552,Desktop,2025-03-11 05:31:04
853,Desktop,2025-01-22 06:07:06
399,Mobile,2025-02-16 01:27:09
278,Mobile,2025-03-13 11:04:10
673,Mobile,2025-02-18 22:06:44
079,Desktop,2025-03-13 11:59:17
596,Desktop,2025-02-10 12:22:23
627,Mobile,2025-01-04 20:43:45
755,Desktop,2025-02-15 16:32:59
008,Desktop,2025-02-10 02:44:28
869,Desktop,2025-03-29 00:55:10
443,Desktop,2025-01-25 23:43:58
878,Desktop,2025-03-12 07:00:44
195,Mobile,2025-02-13 22:28:53
278,Mobile,2025-03-10 17:57:46
156,Desktop,2025-02-17 00:31:17
930,Desktop,2025-02-07 06:13:17
246,Mobile,2025-02-09 14:20:02
110,Mobile,2025-01-21 15:41:01
512,Mobile,2025-03-18 12:55:39
339,Mobile,2025-01-25 05:28:23
175,Desktop,2025-03-31 17:25:50
725,Mobile,2025-01-12 14:41:10
622,Desktop,2025-03-08 19:04:35
745,Desktop,2025-01-08 00:04:34
893,Mobile,2025-03-03 04:05:30
045,Mobile,2025-03-19 08:13:22
095,Desktop,2025-03-31 07:24:11
521,Desktop,2025-03-25 04:26:59
451,Desktop,2025-02-27 04:03:42
199,Mobile,2025-01-16 21:52:48
644,Desktop,2025-02-20 18:34:39
619,Desktop,2025-03-19 22:57:22
144,Desktop,2025-03-26 06:32:07
461,Desktop,2025-01-09 01:58:49
629,Desktop,2025-02-21 00:01:19
352,Mobile,2025-03-16 23:03:36
406,Mobile,2025-02-01 05:25:01
687,Mobile,2025-02-02 06:46:31
010,Mobile,2025-01-14 02:48:14
530,Mobile,2025-03-19 22:19:04
682,Mobile,2025-01-05 09:30:18
098,Mobile,2025-01-09 02:38:36
337,Mobile,2025-03-27 02:15:10
604,Desktop,2025-01-10 13:22:36
265,Desktop,2025-01-19 16:06:03
914,Desktop,2025-02-01 21:59:56
631,Desktop,2025-01-25 12:55:45
365,Desktop,2025-01-11 15:31:19
181,Mobile,2025-01-07 10:11:26
701,Desktop,2025-01-07 02:14:20
208,Desktop,2025-03-05 00:05:40
857,Desktop,2025-01-14 19:20:47
456,Mobile,2025-02-14 18:09:19
156,Mobile,2025-02-17 23:03:34
590,Mobile,2025-02-22 12:39:40
776,Mobile,2025-02-23 01:26:01
286,Mobile,2025-02-05 09:53:58
429,Mobile,2025-01-05 16:50:19
247,Desktop,2025-02-27 21:34:20
441,Desktop,2025-03-27 09:30:38
201,Mobile,2025-02-21 10:32:40
121,Desktop,2025-01-31 23:56:29
089,Mobile,2025-03-15 13:23:22
332,Mobile,2025-02-11 11:35:09
663,Mobile,2025-02-02 07:38:47
032,Desktop,2025-01-31 14:03:10
134,Desktop,2025-03-29 15:11:08
159,Desktop,2025-03-19 04:51:07
604,Mobile,2025-01-05 00:45:46
436,Mobile,2025-01-18 00:27:01
440,Mobile,2025-03-25 04:04:51
063,Mobile,2025-03-19 23:16:54
418,Mobile,2025-03-07 17:08:00
753,Desktop,2025-01-19 06:26:33
871,Mobile,2025-03-25 20:23:16
545,Desktop,2025-03-27 06:43:26
803,Mobile,2025-03-25 13:29:43
011,Mobile,2025-02-26 18:32:29
395,Desktop,2025-02-03 06:22:18
957,Mobile,2025-02-06 04:14:36
584,Mobile,2025-03-17 17:48:35
774,Desktop,2025-01-09 01:17:30
040,Mobile,2025-03-03 09:50:02
359,Desktop,2025-02-24 20:18:00
611,Desktop,2025-02-24 11:22:55
740,Mobile,2025-02-19 13:36:57
545,Mobile,2025-01-24 06:28:27
961,Mobile,2025-01-26 10:18:51
831,Desktop,2025-01-19 17:10:56
790,Desktop,2025-01-25 13:12:05
184,Mobile,2025-01-17 03:48:42
145,Desktop,2025-01-20 13:27:13
474,Mobile,2025-01-01 11:14:53
100,Desktop,2025-03-12 20:12:39
597,Desktop,2025-01-25 13:44:19
452,Mobile,2025-03-07 13:15:07
248,Desktop,2025-01-10 14:08:14
357,Desktop,2025-02-03 01:03:42
663,Mobile,2025-03-04 03:23:53
561,Mobile,2025-02-16 17:42:04
779,Desktop,2025-02-06 16:25:16
033,Mobile,2025-01-27 09:50:09
377,Mobile,2025-02-12 22:21:04
053,Desktop,2025-03-22 23:15:53
699,Desktop,2025-03-04 19:53:27
121,Desktop,2025-01-24 01:42:21
403,Mobile,2025-01-05 01:14:49
540,Desktop,2025-01-25 13:30:22
580,Mobile,2025-02-16 17:21:00
727,Mobile,2025-03-19 22:14:27
354,Desktop,2025-03-01 08:02:25
219,Desktop,2025-02-02 10:37:09
019,Desktop,2025-03-02 06:14:26
696,Desktop,2025-03-30 11:10:49
566,Desktop,2025-02-25 22:45:56
357,Desktop,2025-03-09 16:02:24
565,Mobile,2025-03-23 15:24:38
966,Mobile,2025-03-06 18:49:43
427,Mobile,2025-03-14 06:07:37
573,Desktop,2025-03-26 14:27:40
727,Mobile,2025-03-31 12:12:03
526,Desktop,2025-01-14 17:01:56
297,Desktop,2025-01-06 12:02:35
102,Mobile,2025-02-27 02:26:47
313,Mobile,2025-03-21 05:39:15
296,Desktop,2025-02-02 17:32:37
094,Desktop,2025-01-17 04:37:16
680,Mobile,2025-01-16 07:20:42
402,Desktop,2025-03-27 10:35:01
763,Desktop,2025-03-29 07:09:11
471,Mobile,2025-02-24 06:47:31
520,Mobile,2025-02-20 16:58:34
139,Desktop,2025-01-26 16:33:50
783,Mobile,2025-01-29 08:05:31
153,Mobile,2025-03-07 22:23:30
295,Desktop,2025-02-24 15:02:29
609,Desktop,2025-01-13 05:23:37
575,Mobile,2025-02-13 14:44:46
769,Mobile,2025-03-27 10:46:09
104,Desktop,2025-02-22 22:30:22
990,Desktop,2025-02-05 19:20:58
106,Mobile,2025-03-07 17:45:09
917,Desktop,2025-03-10 20:40:25
247,Mobile,2025-02-22 02:20:29
439,Desktop,2025-03-29 16:18:50
001,Desktop,2025-03-15 06:04:26
980,Mobile,2025-02-19 04:41:20
792,Desktop,2025-01-29 19:51:14
252,Desktop,2025-01-10 19:05:05
732,Mobile,2025-03-22 15:37:43
697,Mobile,2025-01-19 20:37:03
018,Desktop,2025-01-17 23:03:56
061,Mobile,2025-03-28 01:58:41
969,Desktop,2025-01-30 03:34:27
809,Mobile,2025-02-09 19:26:51
217,Mobile,2025-02-06 10:20:01
902,Desktop,2025-03-01 05:12:06
146,Desktop,2025-01-22 05:48:01
320,Desktop,2025-02-15 20:49:38
716,Mobile,2025-02-09 14:58:42
968,Desktop,2025-03-14 18:58:11
402,Mobile,2025-03-25 03:25:29
596,Desktop,2025-01-12 09:20:23
684,Desktop,2025-02-28 00:22:49
908,Desktop,2025-01-28 12:07:03
653,Mobile,2025-01-01 19:46:53
294,Mobile,2025-03-17 07:23:52
837,Desktop,2025-02-12 19:32:21
634,Mobile,2025-01-24 21:06:51
591,Desktop,2025-01-31 17:16:55
918,Desktop,2025-02-17 22:29:51
595,Mobile,2025-03-12 22:16:44
095,Mobile,2025-02-01 05:00:29
522,Mobile,2025-01-01 22:01:34
776,Mobile,2025-02-15 15:15:02
036,Mobile,2025-03-28 15:43:32
004,Desktop,2025-01-25 21:25:15
989,Desktop,2025-03-24 09:21:57
425,Mobile,2025-01-26 23:34:22
597,Desktop,2025-01-28 02:43:18
825,Mobile,2025-02-25 07:55:40
952,Mobile,2025-02-22 17:07:23
082,Mobile,2025-03-02 05:05:34
708,Desktop,2025-03-23 12:53:03
662,Desktop,2025-01-30 14:44:21
909,Desktop,2025-01-22 17:56:51
785,Mobile,2025-03-30 01:22:21
449,Mobile,2025-01-10 21:11:41
271,Desktop,2025-02-13 21:17:33
027,Desktop,2025-01-14 21:10:54
584,Desktop,2025-02-15 22:31:53
083,Mobile,2025-03-19 18:50:23
627,Desktop,2025-02-18 03:08:04
361,Desktop,2025-02-01 14:19:32
885,Desktop,2025-03-01 22:27:36
528,Desktop,2025-02-18 13:54:12
589,Mobile,2025-01-27 09:56:27
932,Mobile,2025-01-10 23:28:20
689,Mobile,2025-03-27 10:15:17
356,Mobile,2025-02-13 21:14:34
473,Mobile,2025-02-25 09:50:44
199,Desktop,2025-02-27 06:51:54
526,Desktop,2025-01-05 04:32:48
031,Mobile,2025-03-04 21:29:16
277,Mobile,2025-03-26 12:01:23
324,Mobile,2025-02-14 22:28:32
213,Mobile,2025-01-15 04:12:17
344,Desktop,2025-01-05 06:59:58
775,Desktop,2025-02-17 20:52:25
116,Desktop,2025-01-06 15:09:02
360,Mobile,2025-01-08 07:43:57
416,Mobile,2025-02-25 11:16:41
546,Desktop,2025-02-12 14:33:33
213,Mobile,2025-03-13 08:06:50
895,Desktop,2025-01-15 20:13:22
336,Desktop,2025-01-22 02:11:46
660,Desktop,2025-01-21 06:09:44
507,Desktop,2025-01-06 08:19:59
686,Mobile,2025-03-25 02:38:38
456,Mobile,2025-02-11 03:34:42
596,Desktop,2025-02-18 12:03:20
110,Mobile,2025-01-07 21:50:53
054,Mobile,2025-03-05 15:08:57
870,Desktop,2025-03-24 03:37:39
353,Mobile,2025-02-05 04:01:53
764,Desktop,2025-03-23 03:19:52
948,Mobile,2025-01-30 21:02:52
597,Desktop,2025-03-22 16:08:37
595,Desktop,2025-03-22 19:23:42
950,Mobile,2025-02-14 00:23:57
725,Desktop,2025-03-06 15:57:27
531,Mobile,2025-03-23 07:24:40
207,Desktop,2025-01-29 19:41:29
409,Mobile,2025-02-26 04:04:54
602,Mobile,2025-02-19 12:58:10
231,Mobile,2025-01-21 05:54:32
273,Mobile,2025-03-18 16:31:36
852,Mobile,2025-03-08 15:53:57
275,Desktop,2025-03-14 01:37:23
270,Mobile,2025-03-07 02:33:38
706,Mobile,2025-03-11 17:40:05
894,Mobile,2025-01-17 17:01:23
907,Desktop,2025-03-27 02:41:25
327,Desktop,2025-03-02 19:51:16
978,Mobile,2025-01-20 01:13:47
848,Mobile,2025-01-14 10:55:23
925,Mobile,2025-02-13 11:01:25
847,Mobile,2025-01-30 11:53:17
103,Desktop,2025-02-03 11:03:09
007,Mobile,2025-01-09 20:35:36
057,Desktop,2025-03-09 17:11:20
221,Mobile,2025-02-13 02:05:04
287,Mobile,2025-03-11 23:28:58
249,Desktop,2025-02-19 06:13:33
533,Mobile,2025-01-09 02:04:27
928,Mobile,2025-02-22 21:43:03
768,Desktop,2025-02-09 20:56:33
413,Desktop,2025-03-13 07:11:39
395,Mobile,2025-02-26 12:49:19
055,Mobile,2025-03-01 14:45:08
147,Mobile,2025-03-21 16:45:16
453,Desktop,2025-03-24 04:17:05
453,Mobile,2025-01-10 13:19:15
708,Mobile,2025-03-09 22:49:49
401,Desktop,2025-02-14 19:39:19
849,Desktop,2025-03-15 08:49:19
837,Mobile,2025-01-19 18:23:18
608,Desktop,2025-02-18 10:47:41
532,Desktop,2025-01-28 13:27:37
142,Desktop,2025-02-16 15:52:40
545,Mobile,2025-01-22 11:23:34
139,Desktop,2025-03-04 12:50:02
996,Desktop,2025-02-03 00:47:48
077,Mobile,2025-02-18 05:28:13
346,Mobile,2025-02-27 09:46:52
200,Desktop,2025-03-07 17:40:26
320,Mobile,2025-02-17 06:32:14
354,Mobile,2025-03-06 21:24:49
177,Desktop,2025-03-26 15:41:09
407,Mobile,2025-02-20 21:58:16
128,Desktop,2025-03-04 15:12:55
367,Desktop,2025-02-06 18:13:17
846,Mobile,2025-02-25 05:49:36
841,Mobile,2025-02-02 15:24:12
907,Mobile,2025-02-28 01:57:15
442,Desktop,2025-02-05 20:42:16
193,Desktop,2025-02-13 22:45:16
445,Mobile,2025-02-19 18:06:43
264,Desktop,2025-01-15 23:57:15
260,Mobile,2025-01-14 07:36:26
590,Mobile,2025-01-13 16:16:42
839,Desktop,2025-03-07 08:18:25
921,Desktop,2025-02-27 10:05:29
676,Mobile,2025-02-12 22:58:21
193,Desktop,2025-03-27 17:05:58
873,Mobile,2025-01-08 14:08:25
723,Mobile,2025-01-23 05:27:20
411,Desktop,2025-03-16 01:51:33
553,Desktop,2025-01-03 13:06:35
472,Desktop,2025-03-27 13:05:55
591,Desktop,2025-03-11 17:58:32
136,Mobile,2025-01-22 08:24:07
590,Mobile,2025-03-12 11:58:57
780,Mobile,2025-03-09 06:31:38
701,Desktop,2025-02-13 20:37:31
352,Desktop,2025-02-18 21:32:57
989,Desktop,2025-01-04 22:49:06
385,Desktop,2025-02-18 00:30:39
331,Desktop,2025-03-26 05:46:04
204,Desktop,2025-02-12 02:34:00
457,Desktop,2025-03-07 20:03:37
801,Mobile,2025-03-21 04:18:38
258,Desktop,2025-02-16 03:34:14
299,Desktop,2025-02-19 08:52:41
305,Mobile,2025-02-08 09:13:56
115,Desktop,2025-03-01 18:31:16
168,Mobile,2025-02-27 17:30:23
342,Mobile,2025-03-26 14:45:48
597,Desktop,2025-03-12 16:08:34
935,Desktop,2025-01-28 04:05:03
751,Desktop,2025-03-07 15:48:54
414,Mobile,2025-01-21 22:20:09
711,Desktop,2025-03-15 17:00:49
568,Mobile,2025-03-19 07:20:26
396,Desktop,2025-02-07 17:43:14
502,Mobile,2025-01-11 18:28:00
314,Mobile,2025-03-20 14:53:54
898,Mobile,2025-02-02 00:35:35
177,Mobile,2025-02-19 00:40:32
127,Mobile,2025-01-21 19:02:07
792,Mobile,2025-03-15 14:41:01
401,Mobile,2025-01-07 16:16:51
025,Desktop,2025-01-16 01:49:22
630,Mobile,2025-01-27 21:25:25
537,Mobile,2025-01-19 17:27:01
305,Mobile,2025-01-02 21:37:23
917,Mobile,2025-01-24 08:44:07
409,Desktop,2025-01-03 18:37:47
651,Desktop,2025-03-27 08:15:08
040,Desktop,2025-03-28 03:36:29
327,Desktop,2025-03-22 13:51:11
550,Desktop,2025-02-17 03:18:42
894,Mobile,2025-02-22 05:42:12
333,Desktop,2025-01-29 22:24:47
938,Desktop,2025-03-21 18:14:31
379,Desktop,2025-02-17 12:27:11
503,Desktop,2025-02-22 06:19:50
389,Desktop,2025-03-08 02:13:39
185,Desktop,2025-02-28 12:32:35
502,Desktop,2025-01-12 14:33:50
724,Mobile,2025-03-29 06:49:01
368,Desktop,2025-01-09 14:57:32
621,Desktop,2025-02-22 17:08:05
330,Mobile,2025-03-14 15:48:28
991,Mobile,2025-02-27 21:43:16
582,Mobile,2025-02-05 10:44:29
839,Mobile,2025-02-22 09:00:44
805,Mobile,2025-03-30 11:16:39
736,Mobile,2025-02-17 14:49:03
533,Desktop,2025-03-20 10:44:22
958,Desktop,2025-01-08 02:37:59
816,Desktop,2025-02-05 15:38:18
455,Desktop,2025-03-05 01:29:58
386,Mobile,2025-02-02 06:22:42
226,Mobile,2025-01-15 19:59:19
515,Desktop,2025-02-13 16:50:06
315,Desktop,2025-03-25 20:06:01
081,Mobile,2025-03-28 15:34:41
598,Mobile,2025-03-25 19:45:58
526,Mobile,2025-01-13 19:12:58
235,Desktop,2025-01-10 11:19:06
173,Desktop,2025-02-05 06:10:14
